{"cameraMode":{"drawMode":0,"name":"Shaded","section":"Shading Mode"},"sceneLighting":true,"audioPlay":false,"sceneViewState":{"showFog":true,"showMaterialUpdate":false,"showSkybox":true,"showFlares":true,"showImageEffects":true,"showParticleSystems":true},"in2DMode":false,"pivot":{"x":-2.8057682514190676,"y":1.7271126508712769,"z":0.8268982768058777},"rotation":{"x":0.006228846963495016,"y":0.902064323425293,"z":0.009341392666101456,"w":0.4345434308052063},"size":0.29422011971473696,"orthographic":false}