{"cameraMode":{"drawMode":0,"name":"Shaded","section":"Shading Mode"},"sceneLighting":true,"audioPlay":false,"sceneViewState":{"showFog":true,"showMaterialUpdate":false,"showSkybox":true,"showFlares":true,"showImageEffects":true,"showParticleSystems":true},"in2DMode":false,"pivot":{"x":-1.7614057064056397,"y":1.694075345993042,"z":-5.8641438484191898},"rotation":{"x":-0.0056249285116791729,"y":-0.9624803066253662,"z":0.0034932736307382585,"w":0.2755008339881897},"size":8.324907302856446,"orthographic":false}