{"cameraMode":{"drawMode":0,"name":"Shaded","section":"Shading Mode"},"sceneLighting":true,"audioPlay":false,"sceneViewState":{"showFog":true,"showMaterialUpdate":false,"showSkybox":true,"showFlares":true,"showImageEffects":true,"showParticleSystems":true},"in2DMode":false,"pivot":{"x":0.2148493528366089,"y":2.044337272644043,"z":10.875385284423829},"rotation":{"x":-0.028256481513381006,"y":-0.02371547743678093,"z":0.0019770758226513864,"w":0.9997862577438355},"size":12.510283470153809,"orthographic":false}